customer_no,product_id
5850133127,
5850106254,
5701654749,
00347741,
01381139,
01511242,
01523572,
5850116984,
5850132060,
01523775,
01523354,
01523001,
01481132,
5700178438,
5701363378,0654916106
5701363378,0654906106
5701363378,0654046106
5701363378,0654026106
5701363378,0652635138
5701363378,0658540001
5701363378,0655620006
5701363378,0655730236
5700166891,
5700698944,
5700941073,
5701068702,
5700570488,0658456110
5700570488,0653830210
5700570488,0656696106
5700570488,0660073406
5700570488,0649470206
5700996752,
5700212025,
5701139891,
5700119164,
5700336806,0654450501
5700336806,0655232501
5700336806,0657620010
5700336806,0666956701
5700336806,0662555310
5700336806,0619033612
5700336806,0665676101
01533251,0656043812
01533251,0655472812
01533251,0649471710
01533251,0669475802
00288379,0653542381
00288379,0650452606
00288379,0657616106
00288379,0651106201
00288379,0653290000
00288379,0650491906
00288379,0650015500
01510883,0666866808
01510883,0665036808
01510883,0667256808
01510883,0663790008
01510883,0664840508
00425191,0664350006
00425191,0661504906
00425191,0664505806
00425191,0654836806
00425191,0657570106
00425191,0661230006
00425191,0666462401
00425191,0654866106
00425191,0643871601
00425191,0650860106
00425191,0656086806
5850099724,0665060003
5850099724,0670566114
00387205,0649894612
00387205,0659137638
5700603586,0656950001
5700603586,0655460010
5700603586,0656356101
5700603586,0665595810
5700603586,0657805310
5700603586,0665446010
5700603586,0662216110
5700603586,0661276510
5700603586,0647591701
5700603586,0657560001
5700603586,0669464601
5700603586,0652021401
5700603586,0660301301
5700603586,0649460010
5700603586,0650770100
5700603586,0656234501
5700603586,0645620301
5700603586,0666773801
5700603586,0636055801
5700603586,0636060102
5700603586,0656656101
00620742,0654886106
00620742,0654794606
5700140267,0654794606
5700140267,0654886106
5701745970,0652206101
01372297,0664876808
01372297,0667456108
01372297,0665595808
01372297,0665336808
01372297,0652871901
5701648024,0653879206
5701648024,0655692801
5701648024,0655486006
5701648024,0661216816
5701648024,0657696001
5701648024,0661504916
5701648024,0665595816
5701648024,0656331501
5701648024,0663952501
5701648024,0649471706
5701648024,0623372801
5701648024,0621894401
5701648024,0649232803
5701648024,0623371901
5701648024,0652240001
5701648024,0648812206
5701648024,0653182806
5701648024,0649450401
5701648024,0645286106
5701648024,0659520006
01549538,0659566116
01549538,0659500016
01549538,0664786016
01549538,0659816116
01549538,0661603416
01549538,0654846816
01549538,0657846716
01549538,0649911914
01440894,0659980506
5700122865,0656992906
5700122865,0654952801
5700122865,0670102501
5700122865,0670101902
5700122865,0670101901
5701323453,0657030110
5701323453,0645087600
5701323453,0650710736
5701323453,0670746808
5701323453,0648980136
5701323453,0656000106
5701323453,0662045901
5701323453,0654794606
5701323453,0658630136
5701323453,0647730736
5701323453,0650710136
5701323453,0659566106
5701323453,0648020136
5701323453,0664532010
5701323453,0663690106
5701323453,0664350008
5701323453,0648024536
5701323453,0664505806
5701323453,0662935801
5701323453,0655914806
5701323453,0664532006
5701323453,0662706108
5701323453,0655914810
5701323453,0666634406
5701323453,0647777636
5701323453,0659471710
5701323453,0669492906
5701323453,0669492908
5701323453,0667940108
5701323453,0645068600
5701323453,0655063106
01552602,0672852002
01552602,0661256112
01552602,0659376112
5701728268,0657721908
5701728268,0649122308
5701728268,0667391806
5701728268,0664646806
5701728268,0669046101
5701728268,0669376002
5701728268,0658310008
5701728268,0660400291
5701728268,0667021808
5701728268,0670286191
5701728268,0667626106
5701728268,0655960064
00282447,0648280236
01457956,0653591906
01457956,0647210706
01457956,0662781906
01457956,0654800006
01457956,0649661906
01457956,0655611910
01457956,0619030310
01457956,0655641906
01457956,0669336101
01457956,0669580201
01457956,0653786810
01457956,0611664110
01457956,0660130210
01457956,0655473308
01457956,0659331906
01457956,0649661910
01457956,0658460006
5701379232,0667754601
5701379232,0655063106
5701379232,0660931906
5701379232,0665456506
5701379232,0651102001
5701379232,0643126106
5701379232,0644310006
5701379232,0658080101
5701379232,0655855801
5701379232,0659331906
5701379232,0647680301
5701379232,0659653406
5701379232,0661504906
5701379232,0623370101
5701379232,0669046101
5701379232,0647457206
5701379232,0658490006
5701379232,0655101901
5701379232,0659170101
5701379232,0649507212
5701379232,0647457212
5701379232,0632690110
5701379232,0632690106
5701379232,0653031401
5701379232,0643611906
5701379232,0660386101
5701379232,0664306701
5701379232,0630272006
5701379232,0659392201
5701379232,0623371901
5701379232,0662925801
5701379232,0637600736
01453102,0647778636
01453102,0667806101
01453102,0658640936
01453102,0661341806
01453102,0662784106
01453102,0667754601
01453102,0651154501
01453102,0660866106
01453102,0659620506
01453102,0658630938
01453102,0656980706
01453102,0650344800
01453102,0660876108
01453102,0660876106
01453102,0651106201
01453102,0651102001
01453102,0667754691
01453102,0658361908
01457087,0651300000
01457087,0656722900
01457087,0651240000
5701738705,0651970738
5701738705,0636105801
5701738705,0669021401
5701738705,0643871601
5701738705,0655551401
5701738705,0661240006
5701738705,0647630736
5701009788,0665456506
5700868556,0656736112
5700868556,0657472712
5701681566,0650750103
5701681566,0664231916
5701681566,0664505814
5701681566,0663946703
5701681566,0658840003
5701681566,0663351306
5701365449,0667115812
00754974,0636060101
00754974,0649502508
00754974,0623830101
00754974,0650614601
00754974,0652375806
00754974,0652350306
00754974,0657466106
00754974,0645814806
00754974,0651102001
00754974,0650751701
00754974,0655551401
00754974,0652415806
00754974,0657386106
00754974,0650870108
00754974,0647310006
00754974,0650753001
00754974,0652206101
5701766133,0656305801
5701766133,0652580736
5701766133,0661216806
5701766133,0657470310
5701766133,0654306101
5701766133,0620040900
5701766133,0656700700
5701766133,0662652001
5701766133,0661902306
5701766133,0661496806
5701766133,0651154501
5701766133,0666972501
5701766133,0652581936
5701802594,0658650001
5701802594,0654110010
5701802594,0654921910
5701802594,0654100010
5701653136,0664216106
5701653136,0669475801
5701653136,0655401906
5701653136,0659530006
5701653136,0653141906
5701653136,0669500001
5701653136,0661526806
5701653136,0664365806
5701653136,0669575801
5701653136,0657805306
5701653136,0662636106
5701653136,0660400201
5701653136,0663551706
5701653136,0668783001
5701653136,0664296106
5701653136,0665000006
5701653136,0665676101
5701653136,0659471706
5701653136,0649132306
5701653136,0664465306
5701653136,0662216106
5701653136,0667976101
5701653136,0663936806
5701653136,0663790006
5701653136,0665036806
5701653136,0659253001
5701653136,0661030000
5701653136,0669050001
5701653136,0667996001
5701653136,0662706106
5701653136,0660291400
5701653136,0664615806
5701653136,0663830006
5701653136,0664316701
5701653136,0660526106
5701653136,0663666101
5701653136,0664176806
5701587428,0669580203
5701587428,0656193603
5701587428,0662045903
5701587428,0653552314
5701587428,0653939214
5701587428,0663541714
5701587428,0665416014
5701587428,0667260201
5701587428,0655770003
5701587428,0666880314
5701587428,0673871703
5701587428,0664200006
5701615396,0667495902
5701615396,0658630938
5701513355,0666756002
00533233,0656696106
00533233,0648960000
00533233,0656656101
00533233,0628354806
00533233,0643871601
00533233,0651361301
00533233,0653120600
00533233,0636060101
00533233,0669553601
00533233,0663630006
00533233,0643596106
00533233,0623180101
00533233,0643901601
00533233,0633190106
00533233,0654486106
00533233,0627912006
00533233,0634050106
00533233,0666322801
5700508206,0666161806
5700508206,0665486806
5700508206,0659616116
5700508206,0654046116
5700508206,0654026116
5700508206,0654800016
5700508206,0647451916
5700508206,0666161816
5700508206,0667220116
5700508206,0647457216
5700508206,0664200016
5700508206,0663500003
5700508206,0643981364
5700508206,0643811503
5700508206,0665486818
5700508206,0663490016
5700508206,0655141816
5700508206,0647452816
5700508206,0667980064
5700508206,0670060018
5700508206,0664720016
5700508206,0654100006
5700508206,0654086106
5700508206,0653920000
5700508206,0662576816
5701480186,0657805308
5701480186,0655401908
5701480186,0660113006
5701480186,0655570010
5701480186,0660900001
5701480186,0660286791
5701480186,0669475801
5701480186,0655131901
5701480186,0665896701
5701480186,0664165310
5701480186,0669575801
5701480186,0664216108
5701480186,0661533408
5701480186,0661540008
5701480186,0668850110
5701480186,0660386191
5701480186,0663455308
5701480186,0656140006
5701480186,0655570008
00317481,0657570110
00317481,0614954610
00317481,0651104801
00317481,0655280191
00317481,0655284891
00317481,0655282591
5701336577,0655863112
5701336577,0655600312
5701336577,0662343012
5701336577,0650501912
5701336577,0659341912
5701336577,0662174538
5701336577,0652430012
5701336577,0611660212
5701336577,0659140100
5701336577,0647523012
5701336577,0648942312
5701466110,0649450401
5701466110,0659376106
5701662664,0660436806
5701662664,0650880106
5701662664,0621230101
5701662664,0636060101
5701662664,0663790012
5701662664,0667400006
5701662664,0665633706
5701662664,0665625806
5701662664,0651104801
5701662664,0654944506
5701662664,0664676006
5701662664,0666765901
5701662664,0651176106
5701662664,0656140006
5701662664,0664891806
5701662664,0656496806
5701662664,0657696001
5701685467,0651805806
5701685467,0649460006
5701685467,0656120639
5701685467,0661470239
5701685467,0661902312
5701685467,0658850139
5701685467,0668672310
5701685467,0658620138
5701685467,0652581938
5701685467,0645650638
5701685467,0651104801
5701685467,0651106201
5701685467,0644362306
5701578224,0663865206
5701578224,0660856106
5701578224,0655232501
5701578224,0649911906
00373259,0623371701
00373259,0656070506
00373259,0667633606
00373259,0660972306
00373259,0657570106
00373259,0660630006
01435940,0649570112
01435940,0649746112
01435940,0660113012
01435940,0652540112
01435940,0669341902
01435940,0658146012
01435940,0669575802
5701796376,0648949008
5701796376,0659381910
5701796376,0662174537
5701796376,0665676101
5701796376,0662160237
5701512913,0668570100
5701512913,0653859208
5701512913,0658640937
5701512913,0660052508
5701681408,0666010001
5701456770,0666906106
5701456770,0661692306
5701456770,0664176806
5701456770,0655060106
5701456770,0667100106
5701456770,0667416806
5701456770,0661216806
5701456770,0652969006
5701456770,0655061706
5701456770,0655062406
5701456770,0655060306
5701375552,0639738600
5701375552,0571210900
5701375552,0652310103
5701375552,0666322803
5701375552,0659306116
5701375552,0666650103
5701375552,0659867600
5701375552,0650015500
5701375552,0653786816
5701375552,0659665500
5701375552,0656590003
5701375552,0664336703
5701375552,0661855500
5701375552,0657696003
5701375552,0664505816
5701375552,0669475803
5701375552,0661573064
5701375552,0661356016
5701375552,0670683903
5701375552,0666323064
5701375552,0668890116
5701375552,0649552864
5701535088,0665756114
5701535088,0669500003
5701535088,0657815316
5701535088,0664786014
01446670,0655611906
01446670,0657805306
01446670,0664491906
01446670,0655411806
01446670,0666926106
01446670,0660931906
01446670,0665022006
01446670,0664542006
01446670,0670746806
01446670,0664350006
01446670,0654846806
01446670,0657116806
01446670,0669492906
01446670,0664365806
01446670,0639620900
01446670,0649102306
01446670,0663790006
01446670,0670120001
01446670,0670080001
01446670,0652346001
01446670,0665731406
01446670,0665820006
01446670,0663896106
01446670,0666301901
01446670,0623371401
01446670,0623370101
5701376340,0665990001
01042710,0656096706
01042710,0662652001
01042710,0656680106
01422130,0654794606
00567624,0649725806
00567624,0657526001
00567624,0666506106
00567624,0649651903
01378221,0646871900
01378221,0659331910
01459728,0651495806
00616050,0663790016
01305143,0666756003
01305143,0660051816
01305143,0658540003
01305143,0659976116
01305143,0660724612
01305143,0664040503
5701413885,0660496006
5701591815,0663630006
00601574,0659816106
00601574,0650556106
00601574,0659286506
00601574,0660526106
00601574,0619030310
00601574,0656606106
00601574,0653892310
00601574,0653590106
00601574,0613692010
00601574,0653902310
00601574,0652530006
01463987,0663290001
5701410277,0662196106
01325465,0659236506
01325465,0653320000
00725705,0652390101
01377241,0656494306
01564535,0667806101
5700868282,0648021338
5700868282,0654181401
00321626,0650302500
00321626,0649755806
00321626,0659496106
00321626,0652350306
00321626,0650570506
00321626,0666601406
00321626,0664470506
00321626,0667656101
00321626,0659690000
00321626,0663660501
00321626,0663666701
00321626,0670556106
00321626,0665540006
00321626,0664710006
00321626,0655846106
00321626,0650193600
00321626,0667130006
00321626,0663666101
00321626,0663360606
00646407,0636572701
00646407,0654150701
5701462515,0652346003
5701462515,0660180316
5701462515,0651441403
5701462515,0654836816
5701462515,0664336703
5701462515,0659976116
5701462515,0653563603
5701462515,0649640016
5701462515,0653592716
5701462515,0661533416
5701462515,0663455314
5701462515,0661205916
5701462515,0639621400
5701462515,0645442516
5701462515,0653770040
5701462515,0654735903
5701462515,0666896116
5701462515,0666896114
5701462515,0658503216
5701462515,0667580016
5701462515,0650614603
5701462515,0660301303
5701462515,0636075803
5701462515,0659620516
5701462515,0657086103
5701462515,0664786016
5701462515,0665395816
5701462515,0658610040
5701462515,0655232503
5701462515,0656120640
5701462515,0659566116
5701462515,0660066116
5701462515,0650633903
5701462515,0659296816
5701462515,0666496116
5701462515,0658310016
5700892484,0670102501
00363288,0650525806
5701199619,0658550101
5701199619,0607294706
5701199619,0637843806
5701199619,0640370106
5701199619,0663460006
5701199619,0650861406
5701199619,0662666806
5701199619,0662706106
5701199619,0651495806
5701199619,0662456101
5701199619,0651104801
5701199619,0656913601
5701199619,0623830101
5701199619,0656736106
5701199619,0647500006
5701199619,0661160106
5701199619,0652021401
5701199619,0662560006
5701199619,0663830006
5701199619,0654150701
5701199619,0659520006
5701199619,0659620506
5701199619,0647553006
5701199619,0657466106
5701199619,0657086101
5701199619,0658840001
5701199619,0660436806
5701199619,0648519206
5701199619,0659950200
5701199619,0661747000
5701199619,0653926000
5701199619,0652638136
5701199619,0627912006
5701199619,0653920000
5701199619,0626800106
5701199619,0660876106
5701199619,0657606006
5701199619,0656925801
5701199619,0649640006
5701199619,0627914106
5701199619,0650770100
5701199619,0660400201
5701199619,0660052506
5701199619,0647457206
5701199619,0658094901
5701199619,0656816106
5701199619,0647490606
5701199619,0662644306
5701199619,0651612201
5701199619,0655293206
5701199619,0647671901
5701199619,0664365806
5701199619,0659216106
5701199619,0650525806
5701199619,0657010606
5701199619,0644670006
5701199619,0656773606
5701199619,0665846101
5701199619,0658331906
5701199619,0657030106
5701199619,0661624501
5701199619,0652132501
5701199619,0657470306
5701199619,0652939006
5701199619,0657721906
5701199619,0633190106
5701199619,0656406101
5701199619,0649122306
5701199619,0627915106
5701199619,0651996136
5701199619,0663430006
5701199619,0664465306
5701199619,0657570106
5701199619,0658521906
5701199619,0656980706
5701199619,0651220400
5701199619,0663490006
5701199619,0657472708
5701199619,0659160306
5701199619,0657535701
5701199619,0660496006
5701199619,0662230236
01462136,0662555306
01462136,0649494106
01462136,0659653406
01462136,0667633606
01462136,0666506106
01472159,0656666106
01472159,0655060306
01472159,0656696106
01472887,0658370014
01472887,0652570014
01472887,0652602314
01472887,0666756002
01472887,0666796001
01472887,0662466101
01472887,0658840001
01472887,0660373406
01472887,0655451901
01472887,0656675801
01472887,0660496006
01472887,0660713406
01472887,0655210101
5700160468,0656736106
5701492053,0660733612
5701492053,0669046102
5701492053,0667694600
5701492053,0635878600
5701492053,0634050112
5701492053,0664296112
5701492053,0664850112
5701492053,0664416712
5701492053,0656745812
5701492053,0656055812
5701492053,0666380100
5701492053,0667540237
5701492053,0639744200
5701492053,0656711912
5700879862,0663990136
00771116,0620472308
00771116,0656406191
00771116,0658600038
00771116,0661020000
00771116,0653770038
00771116,0651996138
00771116,0668706108
00771116,0649460008
00771116,0652704108
00771116,0658382808
00771116,0643020000
00771116,0650000000
00771116,0639620300
00771116,0649122306
00771116,0649129206
00771116,0650355500
00771116,0654086106
00771116,0648959208
00771116,0653522308
00771116,0653020008
01569143,0654336501
01569143,0657570108
01569143,0657721908
01569143,0654066508
01569143,0663551710
01569143,0663385308
01569143,0649122308
01569143,0649914508
01569143,0656816110
01569143,0652393001
01569143,0664505808
5701718463,0667123606
5701718463,0669929906
5701718463,0667245836
5701718463,0647524112
5701718463,0661005100
5701718463,0673284801
5701718463,0663973601
5701718463,0662130036
5701718463,0665493408
5701718463,0666601406
5701718463,0662790501
5701718463,0664850106
5701718463,0673150006
5701718463,0671340306
5701718463,0660733606
5701718463,0665350206
5701718463,0662420006
5701718463,0662130038
5701718463,0665646710
5701718463,0670046106
5701718463,0665493406
5701718463,0664516508
5701718463,0663990136
5701718463,0664396706
5701718463,0664701406
5701718463,0670256108
5701718463,0664143601
5701718463,0664140201
5701718463,0663980136
5701718463,0673893601
5701494105,0667976103
5701494105,0653859206
5701494105,0671366116
5701494105,0662576816
5701494105,0666752864
5701494105,0670290001
5701494105,0661902314
5701494105,0649735806
5701494105,0671366112
5701494105,0669596103
00583929,0664655806
00583929,0669815801
00583929,0651486106
00583929,0662706106
00583929,0670056106
00583929,0664786006
00583929,0654783006
00583929,0669801701
00583929,0660972306
00583929,0661533406
00583929,0663800006
01469264,0655863106
01469264,0655806706
01469264,0664426106
01469264,0633160110
01469264,0658476110
01469264,0660724606
01469264,0657815306
01469264,0662614306
01469264,0650592791
01469264,0660733610
01469264,0667391806
01469264,0666624410
01552383,0669929910
01552383,0666896110
5701192338,0668000000
5701192338,0667270001
5701192338,0661470237
5701192338,0664710010
5701192338,0662800001
5701192338,0671856010
5701192338,0672411910
5701192338,0664426110
5701192338,0657053201
5701192338,0662726110
5701192338,0669141901
5701192338,0658610037
5701192338,0657053291
01440628,0657090202
01440628,0666926112
01440628,0665395810
01440628,0657092502
01440628,0669929910
01440628,0663541712
01440628,0663551710
01440628,0665416010
01440628,0664786010
5700299660,0667021816
5700299660,0636035803
5700299660,0664710016
5700299660,0667270003
01557450,0659512712
5700262109,0670746806
5700262109,0654850006
5700262109,0656160700
5700262109,0664786006
5700262109,0653100600
5700262109,0653244800
5700262109,0659236506
5700262109,0651154591
5700262109,0663654508
5700262109,066131
5700262109,0661276506
5700262109,0661226006
5700262109,0667503606
5700262109,0668020106
00726934,0640500506
00726934,0655486006
00726934,0657456006
00726934,0659966106
00726934,0659966114
00726934,0670546106
00726934,0665906701
00726934,0663290001
00726934,0655941306
00726934,0652885806
00726934,0653766101
00726934,0662916101
00726934,0656110006
00726934,0656700700
00726934,0649746106
01558473,0655025812
01558473,0669464602
01558473,0664143602
01558473,0656043812
01558473,0656040112
01558473,0664876812
01558473,0655035814
01558473,0665472112
01558473,0662245538
01558473,0663871812
5701370395,0658621336
5701370395,0652791400
5701370395,0650750201
5701370395,0645440106
5701370395,0669500001
5701370395,0618902310
5701370395,0656120636
5701370395,0647211906
5701370395,0618812306
5701370395,0633342306
5701370395,0664553406
5701370395,0660416101
5701370395,0655891310
5701370395,0664786006
5701370395,0662310100
5701370395,0669835801
5701370395,0673575801
5701370395,0671401401
5701370395,0671391401
5701370395,0671371401
5701370395,0667933606
5701370395,0669793901
5850081546,0664350006
5850081546,0655035806
5850081546,0655025806
5850081546,0636572701
5850081546,0647576106
5850081546,0654066506
5850081546,0654076506
5850081546,0636035801
5850081546,0651695806
5850081546,0669929906
5701451048,0664786008
5701451048,0660196001
5701451048,0671856006
5701451048,0669929906
5701451048,0661810100
5701451048,0665426808
5701451048,0670056106
5701451048,0670060006
5701451048,0661902308
5701451048,0668475200
5701451048,0669396101
01565247,0664876812
5850090054,0657660100
5850090054,0656722900
5850090054,0667976101
5850090054,0673285001
5850090054,0661426100
01569804,0649735808
00726080,0662051806
5850107462,0662726106
00418730,0649725814
00418730,0654850010
00418730,0654850006
5700203652,0652345801
5700203652,0663923610
5700203652,0661160112
5700203652,0653110000
5700203652,0664580110
5700236807,0667980001
5700236807,0659890000
5700236807,0659950200
5700236807,0654219210
5700236807,0654219212
5700236807,0611664810
5700236807,0611660210
5700236807,0659140100
5700236807,0627777600
5700236807,0670286101
5700236807,0669436101
5700236807,0653920000
5700236807,0658476110
5700236807,0633160110
5700236807,0668620006
5700236807,0651104801
5700236807,0652570012
5700236807,0650708638
5850089919,0643656106
5850089919,0662483606
00509147,0651286806
00509147,0656683706
00509147,0664387406
00509147,0664400006
00509147,0655790001
00509147,0661561601
00509147,0669266101
00509147,0663666701
00509147,0656096706
00509147,0654465901
01588065,0664516512
01588065,0643831502
5701406217,0672811803
5701406217,0670665803
5701406217,0671295903
5701406217,0670290003
5701406217,0669850016
5701406217,0673575803
5701406217,0665951903
5701406217,0655406116
5701406217,0670120003
5701406217,0661610003
5701406217,0652105803
5701406217,0664720016
5701406217,0661504916
5701406217,0664802802
5701406217,0671391401
5701406217,0671466103
5701406217,0671371401
5701406217,0662916103
5701406217,0669582003
5701406217,0671366116
5701406217,0657860514
5701406217,0670436101
5701406217,0671401401
5701406217,0669840016
5701406217,0671466101
5701406217,0671441401
5701406217,0671421401
5701406217,0664646816
5701406217,0671356116
5701406217,0667626106
5701406217,0669815803
5701406217,0664676014
5701406217,0669030002
5701406217,0665336816
5701406217,0669376003
5701406217,0663790016
5701406217,0666741302
5701406217,0661550202
5701406217,0669850014
5701406217,0670015816
5701406217,0671340316
5701406217,0669739914
5701590924,0662670012
5701590924,0657166102
5701590924,0664387412
5701590924,0661630302
5701590924,0667260202
01589569,0670506106
01589569,0670546106
5701620271,0671976012
5701620271,0666896110
5701620271,0661111912
5701620271,0669815802
5701620271,0651776101
5701620271,0664891812
5701620271,0669850012
5701620271,0664416712
5701620271,0661426100
5701620271,0673566101
5701620271,0669793901
5701620271,0639620900
01407433,0661256106
01494584,0652630636
01494584,0658630936
01284774,0655620014
01284774,0655401914
01284774,0654940114
01284774,0657815314
01284774,0653939214
01284774,0657620014
01284774,0660900003
01284774,0669046103
01284774,0669456103
01284774,0656794803
01284774,0658503214
01291864,0662706106
01291864,0669580201
01291864,0660692306
01291864,0666880306
01291864,0662370636
01291864,0666506106
01291864,0671656006
01291864,0653939206
01291864,0661680006
01291864,0673871701
01291864,0667260201
01291864,0660972306
01291864,0669352801
01291864,0673284801
01291864,0665661906
01291864,0665376812
01291864,0664532006
01291864,0669341901
01291864,0667416806
01291864,0666852006
01291864,0666906106
01291864,0665376806
01291864,0670203901
01291864,0669815801
01291864,0664491906
01291864,0669652001
01291864,0669341902
01291864,0653756101
01291864,0652638136
01291864,0663790006
01291864,0657090201
01307583,0668616106
01307583,0664196710
01307583,0648884500
01307583,0665531810
01307583,0643831501
01312772,0669456101
01312772,0655412806
01312772,0650931400
01312772,0619030106
01312772,0670056110
01312772,0661550201
01312772,0669500001
01428588,0652325801
01428588,0656766106
01360245,0662216106
01360245,0670506106
01360245,0661396800
01360245,0653840000
01396497,0671791906
01396497,0662363401
01396497,0655420101
01396497,0663541708
01396497,0656970110
01286397,0669021491
01286397,0660626006
01286397,0660626010
01286397,0661550291
01286397,0655610306
01286397,0655611906
01286397,0656136806
01484584,0665036810
01484584,0656680110
01484584,0649552801
01484584,0647152306
01484584,0667256810
01484584,0667376806
01484584,0659500006
01220341,0663570006
01220341,0669021401
01220341,0667115806
01220341,0663830006
01220341,0650710136
01220341,0664266106
01220341,0666866806
01220341,0666820506
01220341,0671380201
01220341,0662310100
01220341,0671451401
01220341,0665801906
01220341,0668000000
01324488,0665801906
01324488,0664465306
01324488,0649129206
01324488,0650770400
01324488,0662770201
01324488,0667950106
01324488,0665036806
01324488,0663973601
01324488,0660733614
01324488,0652016136
01324488,0673885801
01324488,0650640501
01324488,0652570006
01324488,0657526001
01324488,0663630006
01324488,0665633706
01324488,0665625806
01324488,0664840506
01324488,0657184306
01324488,0663785312
01324488,0663790006
01324488,0668783001
01324488,0664532006
01324488,0669456101
01324488,0669341901
01324488,0672530101
01324488,0647554106
01324488,0652325801
01324488,0669929906
01324488,0662706106
01324488,0653110000
01324488,0660094106
01324488,0660692306
01324488,0666506106
01324488,0668616106
01324488,0658503206
01324488,0669739906
01324488,0669709906
01324488,0662584306
01324488,0669436101
01324488,0660931906
01324488,0655451901
01324488,0666756001
01324488,0661585214
01324488,0674759906
01324488,0660733606
01371336,0666624408
01466192,0662260240
01245804,0648540100
01245804,0652992701
01245804,0665661912
01245804,0647054102
01245804,0653230200
01245804,0652704110
01245804,0663600010
01245804,0662576812
01245804,0645430006
01245804,0654990006
01245804,0654980006
01245804,0647053702
01245804,0639620300
01245804,0658692500
01245804,0657696091
01245804,0655474410
01494526,0611664112
00312238,0670840106
00312238,0663570006
00312238,0656000106
00312238,0640370106
00312238,0607440106
00312238,0654783006
00312238,0654781906
5701569520,0666131806
5701569520,0670203901
5701569520,0670556106
5701569520,0667633608
5701569520,0668616106
5701569520,0660900001
5701569520,0656511401
5701569520,0662363401
5701569520,0667282401
5701569520,0661230010
5701569520,0666462401
5701569520,0662690006
5701569520,0660866110
5701569520,0657620008
5701569520,0666906108
5701569520,0652105801
5701569520,0672490001
5701569520,0670436101
5701569520,0671421401
5701569520,0671466101
5701569520,0671441401
5701569520,0673075801
5701569520,0670286101
5701569520,0669436101
5701569520,0667256810
5701569520,0667256806
5701569520,0669341901
5701569520,0662935801
5701569520,0657030106
5701569520,0654921906
5701569520,0654931906
5701569520,0670290001
5701569520,0669801701
5701471839,0669410064
5701471839,0671940018
5701471839,0668630018
5701047354,0657090291
5701397757,0661496806
5701397757,0670056108
5701397757,0667980001
5701397757,0672420008
5701397757,0670060006
5701397757,0671976008
5701397757,0673893691
5701397757,0673871701
5701397757,0669929908
5701397757,0670286191
5701397757,0667466108
5701397757,0670060008
5701397757,0666830308
5701397757,0669436101
5701397757,0664786008
5701397757,0669596101
5701397757,0667950106
5701397757,0651154501
5701397757,0667950108
5701397757,0673284801
5701397757,0654950103
01587648,0668900008
01587648,0664243606
01587648,0668822308
01587648,0663874608
01587648,0654036108
01587648,0654036008
5700996920,0671940012
5700996920,0657310102
5700996920,0672530102
5700996920,0666496110
5700996920,0659200114
5700996920,0665595812
5700996920,0673885802
5700996920,0668630012
5700005736,0672811802
5700005736,0675246114
5700005736,0672826102
5700005736,0673000002
5700005736,0664562003
5700005736,0670046114
5700005736,0656042214
01499541,0660454506
01499541,0662614312
01499541,0660450412
01499541,0633190106
01499541,0663385312
01499541,0660450410
01499541,0667476110
01499541,0669410001
01499541,0669696110
01499541,0672490001
01499541,0657091703
01499541,0670506112
01499541,0648130310
01499541,064813
00676415,0664840506
00676415,0665406806
00676415,0667130006
00676415,0673503406
00676415,0670746808
00676415,0662935891
00676415,0668946191
5700154781,0661470239
5700154781,0669070001
5700154781,0670046112
5700154781,0666896106
01471567,0666926114
01471567,0658476106
01411098,0644660639
01411098,0648023039
01411098,0648021339
01411098,0670506110
01411098,0654740000
01411098,0659816110
01411098,0650950110
01411098,0659296808
01411098,0648884500
01411098,0654368100
01411098,0653590110
01411098,0657805310
01411098,0665350210
01507984,0673575801
01507984,0670080001
01507984,0667416806
01507984,0661892306
01507984,0664266106
01507984,0672560006
01507984,0675180001
01507984,0671366106
01507984,0649806106
01507984,0660713406
01507984,0667400006
01507984,0669815801
01507984,0665954101
01458807,0668646714
01458807,0668956103
01479934,0670556106
01440392,0665416006
01440392,0667245836
01440392,0664416706
01440392,0666800506
01440392,0667871400
01440392,0669801701
01440392,0664272306
01440392,0670203901
01440392,0663990136
01440392,0667923606
01440392,0669793901
01440392,0666906106
01440392,0665595806
01440392,0673566101
01440392,0663980136
01440392,0670676106
01440392,0671923706
01440392,0671295901
01440392,0664910136
01507629,0647457206
01447894,0673503406
01447894,0670792506
01447894,0670960006
01447894,0664387406
01447894,0666634406
01393206,0656992906
5701484401,0670546106
00375965,0669929912
00375965,0663980938
00375965,0664786006
00375965,0669775812
00375965,0672763602
00375965,0664786012
00375965,0633234501
00375965,0662750301
00375965,0665395806
00375965,0653552306
01605379,0662334908
01605379,0667686801
01605379,0649502508
01605379,0673224808
01605379,0664306703
01605379,0669739908
01605379,0666773801
01605379,0633340108
01605379,0665395808
01605379,0674759908
01605379,0662009008
01605379,0663580008
01605379,0669464601
01605379,0626800106
01605379,0632690108
01605379,0663541708
01605379,0660450408
01605379,0671740100
01605379,0665580208
01605379,0653594808
00460012,0662420008
00460012,0662790501
00460012,0671233801
5701462212,0669726910
5701462212,0658640937
5701462212,0666816808
5701462212,0656430091
5701462212,0674380191
5701462212,0647870191
5701462212,0657660100
5701462212,0657430110
5701462212,0666380100
5701196539,0662790501
01606241,0639717600
01606241,0639837600
01606241,0670046108
01606241,0668407600
01606241,0669140891
01606241,0650592791
01606241,0650633991
5700283182,0669929918
5700283182,0654491612
5700283182,0663690106
5700283182,0663811906
5700283182,0664810101
5700283182,0650562006
5700283182,0665486814
5700283182,0655293208
5700283182,0663923614
5700283182,0663913616
5700283182,0663693616
5700283182,0656096708
5700283182,0669929910
5700283182,0664786006
5700283182,0663910108
5700283182,0666301901
5700283182,0665426808
5700283182,0650556112
5700283182,0663910112
5700268124,0664876806
5700268124,0670676106
5700268124,0659436001
5700268124,0659436101
5700268124,0669840006
5700268124,0672000006
5700268124,0665376806
5700268124,0657846706
5700268124,0671856006
5700268124,0665486806
5700268124,0666906106
5700268124,0667256806
5700268124,0669815801
5700268124,0664646806
5700268124,0662206106
5700268124,0664060501
5700268124,0672430006
5700268124,0665600006
5700268124,0673140006
5700268124,0663790006
01422870,0618812306
01422870,0620472306
01422870,0647671901
01422870,0623371901
01422870,0655101901
01422870,0623372801
01422870,0652021401
01422870,0662251400
5700974667,0673905901
5700974667,0671280001
5700974667,0664562001
5701371019,0671966114
5701371019,0669801703
5701371019,0670210012
5701371019,0669266102
5701371019,0668976512
5701371019,0665600014
5701371019,0667260201
5701371019,0664416714
5701371019,0671966112
5701371019,0664881612
5701371019,0661526814
5701371019,0667503614
5701371019,0667503616
5701371019,0665366114
5701371019,0665600012
5701371019,0665531806
5701371019,0672615114
5701371019,0664876812
5701371019,0664876814
5701371019,0662636106
5701371019,0668976506
00531897,0666870006
00531897,0670676106
00531897,0666624408
00531897,0667590006
00531897,0667207606
00531897,0669140891
00531897,0665466806
00531897,0665366106
00531897,0666634406
00531897,0669141991
00531897,0667217608
00531897,0619032706
00531897,0669984106
00531897,0671280091
00531897,0667791906
00531897,0671295991
5850079922,0663990140
5850079922,0675150002
5850079922,0658850140
5850079922,0671371402
5701730603,0665846101
5701730603,0654608600
5701730603,0669964106
5701730603,0670260591
5701730603,0654597600
5701730603,0662383491
5701730603,0647310008
5701730603,0662363491
5701730603,0654652400
5701730603,0664786006
5701730603,0656766108
5701730603,0657426701
5701730603,0652375808
5701730603,0657696091
5701730603,0660123006
5701730603,0654980006
5701730603,0654990006
5701730603,0661516106
5701730603,0667400006
5701730603,0665376806
5701730603,0657170001
5701730603,0669021491
5701730603,0653110000
5701730603,0654921908
5701730603,0664710006
5701730603,0657391706
5701730603,0665756106
5701730603,0660972306
5701730603,0663762806
5701730603,0664320006
5701730603,0664786008
5701730603,0660900001
5701730603,0654931908
5701730603,0664710008
5701730603,0664320008
5701730603,0664720006
5701730603,0664176806
5701730603,0665446006
5701730603,0657426791
5701730603,0661276508
5701730603,0663896108
5701730603,0655570006
5701730603,0669380091
01515565,0658190006
01515565,0661561601
01515565,0660866106
01515565,0660400201
01515565,0653991401
01515565,0651695806
01515565,0659216106
01515565,0656700700
01515565,0657010606
01515565,0650870106
01515565,0655420101
01515565,0652626706
01515565,0658640939
01515565,0656311701
01515565,0660230000
01515565,0663830006
01515565,0656160700
01515565,0662560006
01515565,0658476106
01515565,0653110000
01515565,0660450406
01515565,0654219206
01515565,0627914106
00804924,0666906106
00804924,0665376806
00804924,0664876806
00804924,0674920201
00804924,0671270791
00804924,0669140891
00804924,0671331808
00804924,0670210006
00804924,0666880308
00804924,0656925801
00804924,0663525801
00804924,0669497206
00804924,0659606806
00804924,0665336806
00804924,0661974601
00804924,0671966108
00804924,0671910008
00804924,0651105201
00804924,0652676106
00804924,0652712806
00804924,0657466106
00804924,0661624591
00804924,0670476906
00804924,0671940006
00804924,0671331806
00804924,0671923706
00804924,0662440136
00804924,0668900006
00804924,0664907291
00804924,0671211891
00804924,0661914591
00804924,0670522308
00804924,0667350137
00804924,0661624501
00804924,0661276506
00804924,0670566106
00804924,0659496106
00804924,0671923708
00804924,0670210008
00804924,0672023708
00804924,0671340308
00804924,0652130301
00804924,0653571901
00804924,0655610306
00804924,0662686806
00804924,0660416101
00804924,0655611906
00804924,0659646806
00804924,0656913601
00804924,0669030001
01322011,0668616112
01322011,0656096712
01322011,0656606114
01322011,0658146012
01322011,0661216812
01322011,0667626112
01322011,0661316514
01322011,0659376112
01322011,0653542385
01322011,0653532312
01322011,0650501912
01322011,0661316512
01322011,0652969014
01505073,0667503606
01402296,0649494106
01402296,0658094901
01402296,0644480900
01402296,0649213600
01402296,0669352801
01402296,0652570006
01402296,0660982306
01402296,0661692306
01402296,0656120636
01402296,0669403601
01402296,0662706106
01402296,0660250000
01402296,0636813806
01402296,0649806106
01402296,0663846106
01402296,0659917600
01402296,0656826106
01402296,0654260000
01402296,0651456706
01402296,0645248600
01402296,0650085500
01402296,0639744200
01402296,0662644306
01402296,0645386806
01402296,0668992401
01402296,0653100600
01402296,0653420100
01402296,0652969006
01402296,0650150000
01402296,0649494114
01402296,0663430006
01402296,0653939206
01402296,0649746106
01402296,0657386106
01402296,0661216806
01402296,0660881606
01402296,0662051806
01402296,0655460006
01402296,0657116806
01402296,0662614306
01402296,0659606806
01402296,0661216816
01402296,0661216814
01402296,0664720006
01402296,0657391706
01402296,0614954606
01402296,0650388600
01402296,0650710736
01402296,0648040136
01402296,0623091401
01402296,0656786106
01402296,0658830536
01402296,0657620006
01402296,0666301901
01402296,0658983600
01402296,0647524106
01402296,0652346001
01402296,0661316506
01402296,0650295500
01402296,0660123006
01402296,0653150700
01402296,0650355500
01402296,0653500000
01402296,0656666106
01402296,0656110006
01402296,0660692306
01402296,0655790001
01402296,0669021401
01402296,0659216106
01402296,0669575801
01402296,0665896701
01402296,0651946101
01402296,0656311703
01402296,0664200016
01402296,0657184314
01402296,0657426701
01402296,0661080100
01402296,0665866701
01402296,0651721806
01402296,0657010606
01402296,0650562006
01402296,0647553014
01402296,0662706116
01379550,0648256101
01379550,0669030091
01379550,0662045901
01354175,0657125601
01354175,0650971401
01354175,0650633901
01354175,0667282401
01354175,0661624501
01354175,0664553406
01354175,0652206101
01354175,0673885801
00743526,0648360108
00743526,0666830308
00743526,0656980708
00743526,0644320008
00743526,0664231908
00743526,0661526810
00743526,0628364810
00743526,0661526808
00743526,0656987208
00743526,0656997210
00743526,0649660110
00743526,0646710110
00743526,0655056110
00743526,0663830008
00743526,0661160108
00743526,0661230008
5700112413,0619031806
00825241,0647845536
5850116971,0664876814
5850116971,0649911914
00892369,0654866114
5700685078,0674810112
5700685078,0667220112
5700685078,0656700700
5700685078,0656160700
5700685078,0664710012
5700685078,0665646712
5700685078,0652236701
5700685078,0668960001
5700685078,0669775812
5700685078,0665595812
5700685078,0668056100
5700685078,0673585801
5700685078,0672743602
5700685078,0668946102
5700685078,0665466810
5700685078,0671923710
5700685078,0671391401
5700685078,0672490002
5700685078,0660240600
5700685078,0673503412
5700685078,0666624412
5700685078,0673150012
5700685078,0671966110
5700685078,0670806112
5700685078,0665625812
5700685078,0671170012
5700685078,0667853000
5701028576,0663693606
5701028576,0663923614
5701028576,0664483606
5701028576,0644660636
5701028576,0668620006
5701028576,0667633606
5701028576,0662706106
5701028576,0670566106
5701028576,0648980736
5701028576,0670203901
5701028576,0667123606
5701028576,0669765806
5701028576,0665036806
5701028576,0670236006
5701028576,0669739906
5701028576,0669984106
5701028576,0665416006
5701028576,0673372506
5701028576,0668180600
5701028576,0670015806
5701028576,0675180001
5701028576,0670676106
5701028576,0675140001
5701028576,0673075801
5701028576,0671976006
5701028576,0664416706
5701028576,0671956106
5701028576,0670816106
5701028576,0670476906
5701028576,0664580106
5701028576,0665690006
5701028576,0673885801
5701028576,0670840106
5701028576,0672865801
5700268119,0665336806
5700268119,0671270701
5700268119,0665773006
5700268119,0666820506
5700268119,0664786006
5700268119,0665690006
5700268119,0671666006
5700268119,0661902306
5700268119,0671656006
5700268119,0666880306
5700268119,0665350206
5700268119,0672520001
5700268119,0673945801
5700268119,0668819206
5700268119,0675802306
5700268119,0670806106
5700268119,0667791906
5700268119,0669840006
01521394,0655836101
01521149,0664881606
01521909,0652105801
01521909,0646810100
01460478,0660900001
01414166,0667456106
01414166,0664176806
01414166,0662383401
01414166,0663472006
01414166,0660784306
01414166,0664850106
01414166,0664676006
01571818,0650960101
01373513,0651996139
01373513,0651264312
01373513,0645596102
01373513,0653020012
01373513,0660436812
01373513,0648960000
01373513,0660400202
01373513,0657500012
01373513,0651486112
01498783,0655520100
01498783,0651980036
01498783,0620040100
01445446,0647821936
01445446,0647810736
01445446,0670506106
01445446,0648040936
01445446,0661256106
01445446,0657470310
01445446,0653770036
01445446,0652415806
01445446,0647054501
01523511,0667466106
01523511,0667391806
01523511,0666906106
01523511,0661005100
01523511,0671923706
01523511,0670203901
01523511,0666866806
01523511,0664143601
01523511,0657846706
01517618,0659341906
01517618,0667446106
01517618,0671976006
01517618,0667085901
01517618,0671910006
01517618,0655141806
01517618,0658190006
01517618,0653532306
01517618,0671091906
01517618,0666430001
01517618,0670030106
01517618,0667391806
01517618,0675246106
01517618,0671233801
01517618,0667570006
01517618,0665820006
01517618,0667550006
01517618,0673173606
01517618,0673575801
01517618,0668802306
01471826,0669497208
01266552,0669786810
01266552,0649001401
01266552,0669240110
01266552,0671253601
01266552,0662750301
01266552,0649000301
01266552,0649001901
01266552,0668240110
01266552,0661410937
01266552,0644660138
01266552,0673976101
01266552,0658850137
01266552,0658640938
01266552,0647840937
01523430,0662471901
01523430,0656950001
01523430,0658295801
01523430,0658301901
01523430,0653942306
01523430,0633160106
01523430,0664316701
01523430,0658396106
01523430,0652686106
01523430,0660301301
01523430,0652415806
01463365,0652500100
01463365,0647370508
01463365,0654886108
01463365,0670056108
01463365,0622841300
01463365,0656997208
01463365,0667060001
01463365,0647821937
01463365,0656987208
01463365,0654836808
01463365,0654755500
01463365,0663980137
01522983,0660240600
01522983,0660265600
01475417,0661526806
01475417,0619031906
01475417,0668230106
01475417,0667115806
01475417,0659632006
01475417,0654866106
01475417,0656666106
01523106,0649350106
01523106,0648959206
01523106,0634050106
01523106,0653830206
01523106,0655143806
01523106,0649140106
01523106,0644362306
01523106,0644731901
01523106,0633370101
01523106,0630620101
01523106,0614782801
01523106,0659620506
01523106,0650651906
01523106,0655293206
01523106,0655960001
01523106,0668672306
01523106,0662039006
01523106,0649141906
01523106,0653991401
01523106,0648942306
01523106,0633234501
01523106,0668020106
01523106,0651580100
01523106,0650085500
01523106,0650040000
01523106,0654538600
01523106,0650203600
01523106,0654570100
01523106,0651541900
01523106,0651528600
01523106,0650392500
01523106,0652781500
01523106,0652761500
01523106,0639918600
01523106,0639741400
01523106,0613658600
01523106,0571210100
01523106,0647081906
01523106,0637321906
01523106,0646171006
01523106,0647213606
01523106,0653591906
01523106,0647457206
01523106,0649122306
01523106,0647210706
01523106,0649129206
01523106,0650660106
01523106,0620034600
01523106,0652790900
01523106,0652821900
01523106,0653920000
01523106,0639620100
01523106,0648091936
01523106,0645650636
01523106,0647730136
01523106,0651996136
01523106,0644660136
01523106,0647630736
01523106,0659680000
01523106,0668588400
01523106,0659757200
01523106,0668570100
01523106,0668594500
01523106,0666415500
01523106,0659017200
01523106,0663541706
01523106,0660454506
01523106,0652251906
01523106,0643551901
01523106,0639880101
01523106,0652550006
01523106,0618812306
01523106,0659838600
01523106,0661855500
01523106,0659665500
01523106,0661725500
01523106,0657915500
01523106,0653320000
01523106,0650388600
01523106,0653205500
01523106,0652738600
01523106,0650248600
01523106,0654510000
01523106,0660724606
01523106,0647054501
01523106,0659360006
01523106,0656997206
01523106,0647122306
01523106,0660702306
01523106,0649651901
01523106,0657020106
01523106,0658370006
01523106,0648949006
01523106,0667503606
01523106,0668230106
01523106,0668782801
01523106,0659226106
01523106,0648512306
01523106,0661111906
01523106,0650870106
01523106,0628364806
01523106,0647480606
01523106,0633190106
01523106,0666574506
01523106,0662009006
01523106,0653344800
01523106,0653465500
01523106,0653498600
01523106,0653277600
01523106,0650320000
01523106,0650375500
01523106,0650028600
01523106,0652771500
01523106,0650295500
01523106,0639770100
01523106,0639938600
01523106,0642658600
01523106,0601334500
01523106,0561660200
01523106,0633342306
01523106,0618902306
01523106,0618100106
01523106,0601459206
01523106,0657000306
01523106,0663561106
01523106,0662520206
01523106,0649102306
01523106,0660990100
01523106,0660328100
01523106,0652590139
01523106,0652590739
01523106,0648980736
01523106,0655731936
01523106,0644660636
01523106,0650710736
01523106,0652590136
01523106,0662160236
01523106,0648024536
01523106,0647730736
01523106,0656868601
01523106,0656930901
01523106,0651017000
01523106,0651037000
01523106,0651037100
01523106,0650988600
01523106,0668497600
01523106,0667660200
01523106,0659730200
01523106,0661790200
01523106,0661705500
01523106,0659877600
01523106,0661755500
01523106,0656478600
01523106,0661375500
01523106,0657931800
01523106,0658715500
01523106,0658784800
01523106,0662333006
01523106,0656711906
01523106,0662781906
01523106,0652638136
01523106,0658620136
01523106,0648040936
01523106,0647630136
01523106,0648023036
01523106,0662174536
01523106,0656722900
01523106,0656860101
01523106,0656865501
01523106,0651010100
01523106,0651038400
01523106,0653120600
01523106,0651888600
01523106,0668315500
01523106,0668417600
01523106,0668285500
01523106,0668262900
01523106,0663705500
01523106,0661872500
01523106,0661804500
01523106,0661735500
01523106,0667694600
01523106,0659917600
01523106,0661865500
01523106,0601330800
01523106,0601365500
01523106,0571210900
01523106,0646172806
01523106,0645440106
01523106,0658180006
01523106,0646112806
01523106,0658220101
01523106,0659550006
01523106,0656000106
01523106,0654783006
01523106,0620030900
01523106,0647770236
01523106,0658640936
01523106,0650710339
01523106,0648040136
01523106,0658630936
01523106,0653358600
01523106,0651573600
01523106,0635928600
01523106,0613630200
01523106,0623371901
01523106,0662784106
01523106,0614142306
01523106,0645441006
01523106,0650947000
01523106,0663551706
01523106,0668850106
01523106,0658610036
01523106,0650663206
01523106,0657320101
01523106,0659140100
01523106,0648805600
01523106,0650987000
01523106,0668458600
01523106,0668382900
01523106,0657940100
01523106,0668447600
01523106,0668330000
01523106,0659772200
01523106,0659867600
01523106,0659847600
01523106,0653250200
01523106,0654640200
01523106,0650150000
01523106,0650168600
01523106,0647052601
01523106,0648471901
01523106,0650015500
01523106,0650267200
01523106,0654677600
01523106,0654521900
01523106,0650000000
01523106,0655180000
01523106,0650100000
01523106,0655170000
01523106,0639738600
01523106,0639937600
01523106,0639770200
01523106,0639837600
01523106,0642891500
01523106,0637843806
01523106,0623372801
01523106,0637031406
01523106,0668783001
01523106,0653942306
01523106,0653939206
01523106,0650640501
01523106,0620472306
01523106,0655141806
01523106,0629162306
01523106,0643539206
01523106,0633340106
01523106,0650880106
01523106,0662344606
01523106,0649132306
01523106,0639620900
01523106,0656120636
01523106,0651970736
01523106,0647778636
01523106,0647778639
01523106,0648020136
01523106,0650710136
01523106,0648985636
01523106,0650710739
01523106,0651047000
01523106,0651009111
01523106,0663717200
01523106,0667727600
01523106,0658983600
01523106,0661787000
01523106,0658770100
01523106,0657338600
01523106,0653510100
01523106,0658905500
01523106,0661837600
01523106,0659923600
01523106,0661845500
01523106,0658028600
01523106,0657968600
01523106,0659721900
01523106,0653318600
01523106,0658738600
01523106,0658665500
01523106,0653244800
01523106,0655320000
01523106,0655355500
01523106,0653195500
01523106,0653448600
01523106,0653388600
01523106,0650217600
01523106,0650235500
01523106,0650315500
01523106,0639760400
01523106,0639838600
01523106,0648645500
01523106,0642740100
01523106,0642888600
01523106,0623371401
01523106,0657020306
01523106,0660931906
01523106,0645660236
01523106,0656700700
01523106,0655730236
01523106,0648020139
01523106,0648023039
01523106,0648011436
01523106,0662245536
01523106,0659805500
01523106,0661360000
01523106,0659718600
01523106,0658725500
01523106,0659125500
01523106,0655750200
01523106,0653375500
01523106,0653435500
01523106,0653475500
01523106,0653228600
01523106,0654660000
01523106,0654627600
01523106,0650175500
01523106,0650193600
01523106,0650365500
01523106,0635878600
01523106,0601293200
01523106,0627777600
01523106,0601368600
01523106,0643601506
01465208,0662363401
01465208,0651721806
00778690,0650861406
00778690,0661276508
00778690,0662090036
00778690,0661914501
00778690,0649914506
00778690,0663600006
00778690,0667207608
00778690,0658361910
00778690,0663600008
00778690,0657194301
00778690,0660094106
00778690,0656722900
00778690,0655490206
00778690,0667217610
00778690,0649914510
5701012698,0665012001
5701012698,0666540101
5701699248,0670821806
5701699248,0670506106
5701699248,0665426806
5701699248,0666646706
5701699248,0673380001
5701699248,0670806106
5701699248,0670025806
5701699248,0664050501
5701699248,0671170006
5701699248,0664840506
5701699248,0671451401
5701699248,0671380201
5701699248,0671441401
5701699248,0670436101
5701699248,0671371401
5701699248,0671391401
5701699248,0669929906
5701699248,0662082801
5701699248,0670840106
5701699248,0671401401
5701699248,0662370636
5701699248,0658859936
5700963269,0666765901
5700963269,0666741301
5700963269,0660416101
5700963269,0667716801
5700963269,0671976006
5700963269,0669756106
5700963269,0670290001
5700963269,0670025806
5700963269,0669410001
5700963269,0669929906
5700963269,0670025812
5701272269,0665376812
5701272269,0662390036
5701272269,0627912006
5701272269,0656816106
5701272269,0664350006
5701272269,0665540014
5701272269,0658840001
5701272269,0663490006
5701272269,0667115806
5701272269,0655855801
5701272269,0655681901
5701404238,0607294714
5701404238,0657876714
5701404238,0666800514
5701404238,0656042212
5701404238,0668120014
5701404238,0662280100
5701404238,0676970114
5701404238,0648040940
5701404238,0662440140
5701404238,0660240100
5701404238,0657092502
5701404238,0671956114
5701404238,0669765812
5701404238,0673670014
5701404238,0670920112
5701404238,0671320114
5701404238,0661461902
5701404238,0649651902
5701404238,0675800114
5701404238,0666290102
5701404238,0647845539
5701404238,0657386714
5701404238,0662280900
5701404238,0667220114
5701404238,0662082802
5701404238,0633231902
5701404238,0618812312
5701404238,0661410940
5701404238,0661396800
5701404238,0661426100
5701404238,0669775814
5701404238,0671243702
5701404238,0661090100
5701404238,0664020100
5701404238,0669410002
5701404238,0671980014
5701404238,0673503414
5701404238,0665013702
5701404238,0665010102
5701404238,0675180002
5701404238,0673075802
5701404238,0670476914
5701404238,0670015814
5701404238,0660900002
5701404238,0668630014
5701404238,0655063614
5701404238,0667923614
5701404238,0665595812
5701404238,0674391602
5701404238,0670840114
5701404238,0670046114
5701404238,0665210502
5701404238,0671091914
5701404238,0669835802
5701404238,0670210012
5701404238,0664850112
5701404238,0671500002
5701404238,0662925802
5701404238,0674810114
5701404238,0675802314
5701404238,0669793902
5701404238,0668741900
5701404238,0672591912
5701404238,0671190114
5701404238,0669975814
5701404238,0667181400
5701404238,0670806114
5701404238,0670015812
5701404238,0669436102
5701404238,0673106102
5701404238,0669801702
5701404238,0666896112
5701404238,0661080100
5701404238,0665625812
5701404238,0668000000
5701404238,0668946102
5701404238,0670792514
5700879098,0665625806
5700879098,0659350006
5700879098,0636121401
5700879098,0669480002
5700879098,0669582001
5700879098,0657090201
5700879098,0664231906
5700879098,0652364101
5700848889,0662100636
5700848889,0652850000
5700848889,0640370106
5701242638,0673950001
5701194868,0619033614
5700617968,0661550201
5700617968,0672023710
5700617968,0619030310
5700617968,0651264310
5700617968,0662524110
5700617968,0662216108
5700617968,0673871701
5700617968,0670030110
5700617968,0649102310
5700617968,0673284891
5700617968,0669266101
5700617968,0667123610
5700617968,0669464901
5700617968,0669030091
5700617968,0663990138
5700617968,0669910110
5700617968,0669870110
5700617968,0672591910
5700617968,0669480001
5700617968,0673585801
5700617968,0647452808
5700617968,0669030001
5700617968,0669850010
5700617968,0648942310
5700617968,0664876810
5700617968,0667996001
5700617968,0673285001
5700617968,0667256810
5700617968,0657860510
5700617968,0666916110
5700617968,0668706110
5700617968,0652704110
5700617968,0669464601
5700617968,0673284801
5700617968,0659216110
5700617968,0664655810
5700617968,0668910110
5700617968,0673075801
5700617968,0671331810
5700617968,0664850110
5700617968,0653060001
5700617968,0619032710
5700617968,0619032708
5700617968,0647451910
5701744989,0669815803
5701744989,0657094602
5701744989,0667270002
5701744989,0655681902
5701744989,0657090102
5701744989,0670110002
5701744989,0669360002
5701744989,0664200014
5701744989,0669060003
5701744989,0669500002
5701744989,0664876814
5701744989,0668620014
5700182559,0672743601
5700182559,0662441436
5700182559,0662082801
5700182559,0662726806
5700182559,0668991403
5700182559,0671331806
5700182559,0662440136
5700182559,0670510006
5700182559,0669775806
5700182559,0667071906
5700182559,0671940006
5700182559,0673086101
5700182559,0670792506
5700182559,0671356106
5700182559,0662071401
5700182559,0656683706
5700182559,0667540236
5700182559,0668991401
5700182559,0665395806
5700182559,0624353000
5700182559,0662152701
5700182559,0668528600
5700182559,0621230103
5700182559,0659680000
5700182559,0667282401
5700182559,0661630301
5700182559,0618100112
5700182559,0658840003
5700182559,0658361906
5700182559,0636581803
5700182559,0672743602
5700182559,0628354812
00356259,0665741412
00356259,0658580039
00356259,0669726912
00356259,0660130212
00356259,0669835802
00356259,0653182812
00356259,0670476912
00356259,0653786812
00356259,0657406112
00356259,0664676012
00356259,0667476112
00356259,0660130214
00356259,0652375810
00356259,0657091902
00356259,0660692312
00356259,0652704112
5701633889,0653120600
5701633889,0669492908
5701633889,0647970236
5701633889,0661561601
5701633889,0658935500
5701633889,0660328100
5701633889,0650432006
5701633889,0652157636
5701633889,0653012700
5701633889,0650592701
5701633889,0652626706
5701633889,0658503210
5701633889,0652650036
5701633889,0660335000
5701633889,0651980036
5701633889,0655293206
5700303139,0666990106
5700303139,0644660136
5700303139,0649746106
5700303139,0657721906
5700303139,0658146006
5700303139,0667416806
5700303139,0669756106
5700303139,0667115806
5700303139,0665676101
5700303139,0667041301
5700303139,0672580006
5700303139,0667996001
5700303139,0664881606
5700303139,0669652001
5700303139,0659436001
5700303139,0671966106
5700303139,0663874606
5700303139,0663871806
5700303139,0671500001
5700303139,0669580201
5700303139,0661226006
5700303139,0667260201
5700303139,0658146010
00346419,0670101902
00346419,0667749938
00346419,0665220002
00346419,0668056100
00346419,0655070510
00346419,0666543602
00346419,0664907201
00346419,0668089900
00346419,0630610102
00346419,0673235602
00346419,0669376002
00346419,0670102502
00346419,0666547201
00346419,0667230838
00346419,0671366110
5700575638,0658382808
5701410709,0659485306
5701410709,0666591606
5701410709,0648360106
5701410709,0662706106
5701760359,0672865801
5700314699,0655610312
5700314699,0669801702
5700314699,0664140202
5700314699,0663790012
5700314699,0667400012
5701068739,0668930301
5701068739,0647777638
5701068739,0662935801
5701068739,0658859938
5701068739,0674759910
5701068739,0666800512
5701068739,0674380101
5701068739,0669709912
5701068739,0664891812
5701068739,0664676010
5701068739,0651573600
5701068739,0669709910
5701068739,0669850008
5701068739,0664416708
5701068739,0663762812
5701068739,0620472310
5701068739,0663936812
5701068739,0673885801
5701068739,0669030001
5701068739,0667021808
5701068739,0656980712
5701149899,0664810101
5701149899,0666830310
5701149899,0664377410
5701149899,0650525810
5701149899,0645423610
5701149899,0658503210
5701149899,0650556110
5701149899,0661336810
5701149899,0655131901
5701149899,0661216810
5701149899,0666634410
5700115788,0660066108
5700115788,0651441491
5701701188,0667890008
5701701188,0667820010
5701701188,0662784108
5701701188,0669815801
5701701188,0657570108
5701701188,0671976008
5701701188,0665336808
5701701188,0648942308
5701701188,0667350138
5701701188,0665376808
5701701188,0673566191
5701701188,0668620008
5701701188,0662935801
5701701188,0669835801
5701701188,0656044508
5701701188,0662555308
5701701188,0659816108
01509529,0666624414
01509529,0670506114
00735274,0664396712
00735274,0664416706
00735274,0667256806
00735274,0661670006
00735274,0662061906
00735274,0671980016
00735274,0674661901
00735274,0675871501
00735274,0673950001
00735274,0674391601
00735274,0664396706
00735274,0676320001
00735274,0670210006
00735274,0668630006
00735274,0663871806
00735274,0653571901
00735274,0652251406
00735274,0652251906
00735274,0671316001
00735274,0671295902
00735274,0671100006
5701149109,0670080002
5701149109,0672852002
5701149109,0657560002
5701149109,0659376106
5701149109,0669533602
5701149109,0666830312
5701149109,0661892306
5701149109,0663541712
5701149109,0656096712
5701149109,0675946101
5701149109,0668819212
01398249,0662280900
01423128,0655401906
01423128,0661526808
01423128,0663590008
01423128,0659653406
01423128,0657570108
01423128,0664786008
01423128,0664891808
01423128,0663830008
01423128,0658180008
01423128,0656816110
01423128,0659653408
01423128,0666940091
01423128,0658190008
01423128,0656816106
01423128,0661561601
01423128,0665990001
01423128,0659620506
01423128,0660876106
01423128,0660443906
01423128,0648959206
01423128,0649746106
01423128,0651594808
01423128,0661585208
01423128,0663590006
01423128,0657570106
01423128,0654866106
01423128,0658521910
01423128,0669050001
01423128,0669709908
01423128,0669709906
01423128,0669596101
01423128,0673060091
01423128,0665556108
01423128,0670080001
01423128,0670101901
01423128,0662830001
01423128,0661504906
01423128,0665773006
01423128,0669021401
01423128,0665773008
01423128,0663896106
01423128,0661504908
01423128,0663666701
01423128,0656406101
01423128,0656110006
01423128,0651695806
01423128,0654306101
01423128,0650921901
01423128,0661603406
01423128,0664320006
01423128,0661603408
01423128,0660692308
01423128,0663570008
01423128,0663570006
01423128,0660692306
01423128,0662576806
01423128,0665731406
01423128,0661341806
01423128,0664505808
01423128,0661341808
01423128,0662820091
01423128,0670102501
01423128,0662820001
01423128,0650556106
01423128,0643136106
01423128,0658310006
01423128,0632690108
01423128,0644391601
01423128,0657086101
01423128,0660784308
01423128,0645423608
01423128,0666752801
01423128,0663460008
01423128,0659550008
01355299,0660123006
01233252,0667140108
01233252,0665756108
01233252,0666990108
01233252,0661974601
01233252,0663770101
01233252,0633234502
01233252,0633231901
01233252,0664813091
01233252,0669070091
01233252,0619030308
01233252,0678103610
01233252,0669240108
5701412386,0669829900
5701412386,0668040900
5701412386,0672520001
5701412386,0669100101
5701412386,0666294501
5701412386,0668841436
5701412386,0666430001
5701412386,0672575106
5701412386,0671510006
5701412386,0668170100
5701412386,0665012001
5701412386,0664562001
5701499915,0661902316
5701499915,0669663416
5701781818,0667021808
01538763,0650556110
01538763,0649400010
01538763,0660084310
01538763,0644520110
01538763,0653631901
01538763,0650516110
01538763,0660866110
01538763,0664387410
01538763,0651286810
01538763,0641830110
01538763,0658702500
01538763,0649507210
01538763,0655515810
01538763,0662390038
01538763,0650770100
01538763,0651461810
01538763,0659586810
01538763,0650710738
01538763,0633370101
01538763,0660881610
01538763,0660630010
01538763,0652840200
01538763,0656711910
00999630,0669975806
00999630,0661922601
00999630,0667749936
00999630,0657310901
00999630,0661937600
00999630,0646170106
00999630,0667030106
00999630,0673945801
00999630,0665010101
00999630,0668910106
00999630,0672000006
00999630,0671270701
00999630,0675981901
00999630,0657310101
00999630,0666990106
00999630,0666830306
00999630,0654141906
00999630,0651431708
00999630,0669870110
00999630,0670641591
00999630,0675450110
00999630,0674661991
00999630,0652251408
5850077664,0673976102
5701382775,0674670201
5701382775,0665501401
5701382775,0671520006
5701382775,0670650301
5701382775,0670641501
5701382775,0667749936
00584678,0666083400
00584678,0661974601
00584678,0671070006
00584678,0671211801
00584678,0665013701
00584678,0673913701
00584678,0666081600
00744857,0671340308
00744857,0676015808
00744857,0675620006
00744857,0664465306
00744857,0663785306
00744857,0664387406
00744857,0661316506
00744857,0661914501
00744857,0663620006
00744857,0661914591
00744857,0670015808
00744857,0660784306
00744857,0661240006
00744857,0657194301
00744857,0660426008
00744857,0653142808
00744857,0662614312
00744857,0671190108
00744857,0656816114
00744857,0661226016
00744857,0661316508
00744857,0671940008
00744857,0669786808
00744857,0665466808
00744857,0666916108
00744857,0667476108
00744857,0660426006
00744857,0657184306
00744857,0655846106
00744857,0651695806
00744857,0633032801
00744857,0625371401
00744857,0615146806
00744857,0662584308
00744857,0653872308
00744857,0653879208
00744857,0663385310
00744857,0657194391
00744857,0661974601
00744857,0672575106
00744857,0670616508
00744857,0670606508
00744857,0674661991
00744857,0662524106
00744857,0664516506
00744857,0663375306
00744857,0664436506
00744857,0661230006
00744857,0666986101
00744857,0655293208
00744857,0658190008
00744857,0615146816
00744857,0654036106
00744857,0657785308
00744857,0651695812
00744857,0662196108
00744857,0669935806
00744857,0669935808
00744857,0669786806
00744857,0656683708
00744857,0666766001
00744857,0663973691
00744857,0654036006
00744857,0672615106
00744857,0672575108
00744857,0672615108
00744857,0666765901
00744857,0667260201
00744857,0667260291
00744857,0669801701
00744857,0661426100
00744857,0662750301
00744857,0664646808
00744857,0663671601
00744857,0665350206
00744857,0665350208
00744857,0667261991
00744857,0667261901
00744857,0662686808
00744857,0663320101
00744857,0671141908
00744857,0669975808
00744857,0669765806
00744857,0675150091
00744857,0675140001
00744857,0675180001
00744857,0650028600
00744857,0668616106
00744857,0662584306
00744857,0660220000
00744857,0663600006
00744857,0661336806
00744857,0660724606
00744857,0657785306
00744857,0664280006
00744857,0661526806
00744857,0663936806
00744857,0664505806
00744857,0664350006
00744857,0658580036
00744857,0662614306
00744857,0661603406
00744857,0665686101
00744857,0661226006
00744857,0660373406
00744857,0660713406
00744857,0653892306
00744857,0646330101
00744857,0666986191
00744857,0671366108
00744857,0665686191
00744857,0670246108
00744857,0665336808
00744857,0656816106
00744857,0660443906
00744857,0654150701
00744857,0653991401
00744857,0658190006
00744857,0658370006
00744857,0651656106
00744857,0651486106
00744857,0655293206
00744857,0652952701
00744857,0651612201
00744857,0626241906
00744857,0626251906
00744857,0648636106
00744857,0630905006
00744857,0614954606
00744857,0636720111
00744857,0643881601
00744857,0638380000
5701298706,0653852308
5701298706,0673976102
5701298706,0670816112
5701298706,0657430112
5701298706,0666320101
5701298706,0671956114
5701298706,0667540239
01474296,0667503606
01474296,0668890106
01474296,0647457206
01474296,0628860101
01474296,0662245536
01474296,0663472006
01474296,0656881701
01474296,0648024536
01474296,0659772200
01474296,0663724800
5701105432,0678103614
5701105432,0673945801
5701105432,0675870701
5701105432,0676015806
5701105432,0655141816
5701105432,0652364164
5701105432,0652364101
5700996524,0661892306
5700996524,0669815891
5700996524,0673372506
5700996524,0665893691
5700996524,0656040208
5700996524,0661902306
5700996524,0663320191
5700996524,0672411906
5700996524,0666773891
5700996524,0671233891
5700996524,0619033606
5700996524,0675140091
5700996524,0671211891
5700996524,0619032706
5700996524,0666780091
5700996524,0656043808
5700996524,0668652306
5700996524,0672852091
5700996524,0667456106
5700996524,0673285091
5700996524,0663913606
5700996524,0661276508
5700996524,0660052506
5700996524,0660051806
5700996524,0661692308
00353465,0656711908
00353465,0659200106
00353465,0671421401
00353465,0671401401
00353465,0671371401
00353465,0670436101
00353465,0671380201
00353465,0666830308
00353465,0653872308
00353465,0668976508
00353465,0673976191
00353465,0671100008
5700113864,0661526810
5700113864,0669492912
5700113864,0664306701
5700113864,0667686801
5700113864,0661356012
5700113864,0671153610
5700113864,0673950001
5700113864,0678103610
5700113864,0669100102
5700113864,0669100101
5700113864,0671153606
5700113864,0667686802
5700113864,0671280001
5700113864,0671500002
5700113864,0670932510
5700113864,0671500001
5700113864,0630610102
5700113864,0630610101
5700113864,0661526806
5700113864,0664306703
5700113864,0657425701
5700113864,0622840100
5700113864,0651695812
5700113864,0622841400
5700113864,0672763602
5700113864,0673760106
5700113864,0671320110
00547816,0642740100
00547816,0643811502
00547816,0665856164
00547816,0668783064
00547816,0654677600
00547816,0643981364
00309966,0671910012
00309966,0672000012
00366872,0671906808
5701000074,0678103606
5701000074,0663790006
5701000074,0658550101
5701000074,0669480001
01521354,0662726106
01521354,0669801701
01521354,0661692306
00993953,0674121514
00993953,0670133714
00993953,0669872514
00993953,0670951403
00993953,0669903714
00993953,0676279214
00993953,0669090103
00993953,0669910114
00993953,0669893714
00993953,0657093803
00993953,0674670203
00993953,0671500003
00993953,0671723903
00376645,0676015806
00376645,0636111401
00376645,0657696001
00376645,0673392506
00376645,0670792506
00376645,0662061906
00376645,0670496906
00376645,0665595806
00376645,0666375801
01621896,0667890006
00391847,0668120006
00391847,0668741900
00391847,0661140101
00391847,0674201406
00442245,0663874610
00442245,0664876812
00442245,0674920202
00442245,0672591910
00442245,0664140202
00442245,0665466810
00442245,0673173612
00442245,0676040212
01319190,0661941191
00865579,0672591914
00865579,0647211914
00865579,0667070114
00865579,0656970114
00865579,0667030114
00865579,0673542316
01340358,0670951401
01340358,0675246112
01340358,0667446106
01340358,0663846106
01340358,0671733901
01340358,0675246106
01393322,0664562001
01393322,0666773801
01393322,0669130240
01393322,0663310001
01393322,0667245839
01393322,0671230301
01393322,0665210502
01393322,0664907201
01393322,0667923614
01393322,0673990012
01393322,0677037601
01393322,0676901601
01393322,0673092310
01393322,0664903601
01393322,0671316001
01393322,0671295901
01393322,0663990139
01393322,0664655812
5850132088,0672591908
00936750,0619031908
00936750,0656680108
00936750,0671791908
00936750,0656683708
5850134129,0675040110
5850134129,0674853610
5850134129,0671270701
5850134129,0669240110
5850134129,0666852006
5850134129,0670860106
5850134129,0674490100
5850134129,0669900110
5850134129,0669120191
5850134129,0674186610
5850134129,0667950106
5850134129,0669016701
5850134129,0650860106
5850134129,0667100110
5850134129,0670025806
5850134129,0666000100
5850134129,0669663410
5850134129,0669775810
5850134129,0669935806
5850134129,0662781910
5850134129,0670496910
5850134129,0670210006
5850134129,0670236006
5850134129,0666293701
5850134129,0663310001
5850134129,0669280110
5850134129,0669775806
5850134129,0675946101
5850134129,0663690106
5850134129,0666290101
5850134129,0668706108
5850134129,0666430001
5850134129,0663770101
5850134129,0662790501
5850134129,0669935810
5850134129,0665336806
5850134129,0665022006
5850134129,0670616510
5850134129,0663871806
5850134129,0661692306
5850134129,0667256806
5850134129,0666830306
5850134129,0660436806
5850134129,0670816106
5850134129,0667446106
5850134129,0669663406
5850134129,0671740100
5850134129,0667933610
5850134129,0666990110
5850118351,0679960106
5850118351,0661941101
5850118351,0673271401
5850118351,0657092501
5850118351,0674661901
5850118351,0673945801
5850118351,0673950001
5850118351,0663332501
5850111917,0653592706
01631016,0666375801
01631016,0674786106
01611724,0676970106
01611724,0668706106
00662757,0644660139
00662757,0654952802
01530660,0664020100
01530660,0618812316
01530660,0670831516
01550779,0655060312
01550779,0655846114
01550779,0665376814
01550779,0664040503
01550885,0661570102
01550885,0652393002
01550885,0668782802
01550885,0666926112
01550885,0674380103
01550885,0665426812
01550885,0672865803
01550885,0654781912
01550885,0665486812
01550885,0625332802
01550885,0656000112
01550885,0665690012
01550885,0670840112
01550885,0661603412
01550885,0663811912
01550885,0655641912
01550885,0660991400
01550885,0663762812
01554261,0657721908
01484651,0677037601
01484651,0671723901
01484651,0671500001
01484651,0665012001
01505980,0674005300
5701794898,0669070001
00352500,0662061910
5850080091,0675530510
5850080091,0669240110
5850080091,0663320102
5850080091,0663561110
5850080091,0645441012
5700702841,0661974691
5700702841,0661963791
00851428,0680946101
01413101,0668880136
5850115654,0663561112
5850115654,0668690939
01622672,0668600110
01622672,0674191306
00819402,0670506114
00819402,0649864512
00819402,0666543602
00819402,0673773612
00819402,0661790200
00819402,0659088600
00819402,0675490518
00819402,0670506112
00819402,0664903602
00819402,0659772200
00819402,0673342500
00819402,0672083600
00819402,0659763600
00819402,0668462500
00819402,0653388600
00819402,0661804500
5701184543,0665210503
5701184543,0665210564
5701184543,0670641564
5701184543,0677366764
5701184543,0669885164
5701184543,0669663418
5701184543,0670210016
5701184543,0670676116
5701184543,0671910016
5701184543,0669903716
5701184543,0662221916
5701184543,0629162316
01524948,0669929914
01524948,0671170014
01524948,0662441438
01524948,0662726814
01524948,0652346003
01524948,0675246114
01524948,0668120014
01524948,0672615114
01524948,0673976103
01524948,0662440138
01524948,0660692314
01508178,0661855500
01508178,0659665500
01508178,0654710200
01508178,0658915500
01508178,0650248600
01508178,0657915500
01508178,0653244800
01508178,0653344800
01508178,0653334800
01508178,0656042206
01508178,0657445106
01508178,0665012091
01508178,0667686891
01508178,0669726906
01508178,0658580039
01508178,0667230138
01508178,0645441006
01508178,0665466806
01508178,0645440106
01508178,0659917600
01508178,0625655500
01508178,0657721906
01508178,0665232591
01508178,0666291391
01508178,0666290191
01508178,0666294591
01508178,0658621338
01508178,0645651438
01508178,0668275500
01508178,0671340306
01508178,0667230838
01508178,0661041400
01508178,0668946191
01508178,0672575106
01508178,0656871791
01508178,0669520206
01508178,0658590239
01508178,0669712506
01508178,0671211891
01508178,0658590238
01508178,0658580038
01508178,0651541900
01530614,0671923708
01530614,0671500091
01530614,0664396708
01530614,0670920108
01530614,0671723991
01535443,0666430001
01535443,0657560002
01535443,0666496106
01535443,0666547201
01535443,0671940010
01535443,0672475802
01535443,0670025808
01523226,0673566102
01523226,0663671602
01523226,0658382806
01560406,0675180002
01560406,0667391812
01560406,0671243702
01560406,0675140002
01560406,0666547202
01560406,0662790501
01560406,0669380001
01560406,0665690016
01560406,0664140202
01560406,0664881606
01560406,0667580006
01560406,0667933606
01560406,0672463602
01560406,0662790502
01560406,0667550010
01560406,0660692310
01560406,0667570012
01560406,0672811802
01559986,0669652003
01559986,0667056103
01559986,0669793903
01559986,0669380003
01559986,0663871806
01559986,0653571903
01559986,0657092503
01559986,0669030003
01559986,0667980003
01456313,0665486812
01456313,0673885801
01456313,0670260502
01456313,0669756106
01456313,0648985636
01456313,0663990136
01559883,0647586108
01559883,0664436512
01559883,0660570310
01559883,0664465312
01559883,0671190112
01559883,0670025812
01559883,0663600012
01559883,0659376110
01525387,0650911406
01525387,0663401906
01545938,0651685806
01545938,0675406806
01545938,0676785801
01545938,0672147600
01545938,0654510000
01545938,0650150000
01545938,0657140003
01545938,0670345500
01545938,0658757600
01545938,0674111936
01545938,0655320000
01545938,0663770101
01545938,0647753736
01545938,0636572701
01545938,0670944601
01545938,0660250000
01545938,0677791901
01545938,0654540000
01545938,0658965500
01545938,0652236701
01545938,0659541606
01545938,0667736103
01545938,0653636703
01545938,0667130006
01545938,0661914501
01545938,0645676006
01545938,0663525801
01494312,0655101902
01494312,0656675803
01494312,0664350012
01383726,0674910001
00679317,0670573702
01634072,0672852064
01634072,0670546114
01634072,0670566118
01634072,0663883612
01634072,0673160016
01634072,0661902308
01634072,0661101912
01634072,0656680112
01634072,0656683712
01634072,0651456708
01634072,0649864508
01634072,0649735808
01634072,0643910064
01634072,0643920191
01634072,0657194391
01634072,0666361864
01634072,0666365164
01634072,0666530103
01634072,0666547264
01634072,0671295964
01634072,0669140864
01634072,0669141964
01634072,0662152703
01634072,0636572764
01634072,0662750364
01634072,0676715814
01634072,0677195803
01634072,0671063616
01634072,0670616514
01634072,0673976103
01634072,0671976014
01634072,0673086103
01634072,0670015818
01634072,0671791916
01634072,0671366110
01634072,0667580006
01634072,0667100106
01634072,0661902306
01634072,0672852001
01634072,0672842001
01634072,0665036806
01634072,0665820006
01634072,0670546106
01634072,0666581606
01634072,0664387406
01634072,0663620006
01634072,0663883606
01634072,0661592801
01634072,0661591501
01634072,0659966106
01634072,0666956701
01634072,0659816106
01634072,0661101906
01634072,0657616106
01634072,0656680106
01634072,0656683706
01634072,0657560001
01634072,0651456706
01634072,0649864506
01634072,0647554106
01634072,0649735806
01634072,0643910001
01634072,0643920101
01634072,0676066114
01634072,0674943614
01634072,0674830014
01634072,0674572518
01634072,0675406818
01634072,0677590318
01634072,0674546016
01634072,0676285814
01634072,0676131564
01634072,0671906816
01634072,0670210018
01634072,0669786818
01634072,0667476110
01634072,0663874614
01634072,0667261991
01634072,0660150516
01634072,0656696106
01634072,0619033606
01634072,0657426701
01634072,0654056506
01634072,0654036006
01634072,0667115810
01634072,0667550018
01634072,0656711918
01634072,0673235664
01634072,0661963703
01634072,0661922603
01634072,0661140164
01634072,0661974664
5850105564,0671063606
5850105564,0658320001
5850105564,0627914106
5850105564,0665501401
5850105564,0635346106
5850105564,0664350006
5850105564,0666780091
5850105564,0674701306
5850105564,0673173608
5850105564,0651106201
5850105564,0667115806
5850105564,0652105801
5850105564,0660931906
5850105564,0673489206
5850105564,0673183606
5850105564,0621770001
5850105564,0653094101
5850105564,0665501491
5850105564,0673773606
5850105564,0664553406
5850105564,0626251906
5850105564,0660931908
5701513421,0675176101
5701513421,0676265806
5701513421,0675594601
5701513421,0677665301
5701513421,0674786106
5701513421,0677831401
5701513421,0669240106
5701513421,0649280106
5701513421,0677100201
5701513421,0677090101
5701513421,0673630006
5701513421,0668040900
5701513421,0672591906
5701513421,0670015806
5701513421,0675789006
5701513421,0674325801
5701513421,0677045801
5701513421,0674845806
5701513421,0676066106
5701513421,0676715806
5701513421,0670880106
5701513421,0675562506
5701513421,0676116801
5701513421,0677616101
5701513421,0677071901
5701513421,0677070201
5700100894,0668770112
5700100894,0677831402
5700100894,0643532312
5700100894,0664562001
5700100894,0655280201
01551103,0673871701
01551103,0666916106
01551103,0665350206
01551103,0669650201
01551103,0662071401
01551103,0662082801
01551103,0669756106
01627859,0672996191
01627859,0665232591
01627859,0673990008
00451267,0639767400
00451267,0655180000
00451267,0673342500
00451267,0661735500
00451267,0657931800
00451267,0650028600
00451267,0673320000
00451267,0661855500
00451267,0668275500
00323997,0672575114
00323997,0672842002
00323997,0670616512
00323997,0668210012
00323997,0672420012
00323997,0673976102
00323997,0672450102
00323997,0670510012
00323997,0670276102
00323997,0661963702
00323997,0673489212
00323997,0672826102
00323997,0669801702
00323997,0670210012
00323997,0661526812
00323997,0672411912
00323997,0673086102
00323997,0662736812
00323997,0665501402
00323997,0672560012
00323997,0671956112
00323997,0671141912
00323997,0671220103
00323997,0673130112
00323997,0674701312
00323997,0675246112
00323997,0668160012
01634879,0668900014
01634879,0663770102
01634879,0666540102
01634879,0669100102
01634879,0663332502
01634879,0678246001
01634879,0676910101
01634879,0674546006
01634879,0669090101
01634879,0665232501
01634879,0669765814
01634879,0669953714
01634879,0669120102
5850105376,0670056108
00362103,0677791901
00362103,0663510101
00362103,0674006000
00362103,0677366701
00362103,0677616101
00362103,0676290110
00362103,0670573701
00362103,0676910101
00362103,0671280001
00362103,0677376701
00362103,0674491800
00362103,0679951806
01336697,0660784306
00811588,0614142306
00811588,0618902306
00811588,0664730501
00811588,0676364601
00811588,0674670201
00811588,0675135101
00811588,0656977206
00811588,0661504906
00811588,0649102306
00811588,0668120006
00811588,0670683901
00811588,0666547201
00811588,0648942306
00811588,0667793206
00811588,0677100201
00811588,0674180106
00811588,0647211906
00811588,0657094601
00811588,0674186606
00811588,0669070001
00811588,0657091701
00811588,0672040201
00811588,0662152701
00811588,0676224601
00811588,0677090201
00811588,0674792106
00811588,0664903601
00811588,0669410001
00811588,0672996101
00811588,0658640936
00811588,0674521906
01626352,0667123606
01626352,0662130040
01626352,0671233801
01626352,0648024539
01626352,0671230301
01626352,0662110739
01626352,0660724610
00587509,0662750302
00587509,0652952701
00587509,0666540101
00587509,0666543601
00587509,0651100103
5701500516,0667881400
5701500516,0676035806
5701500516,0678246001
5701500516,0671520010
5701500516,0656683710
5701500516,0673869936
5701500516,0672842001
5701500516,0669497208
5701500516,0676026706
5701500516,0665246801
5701500516,0674786106
5701500516,0673489206
5701500516,0672043601
5701500516,0672041501
5701500516,0643532306
5701500516,0670573701
5701500516,0673235601
5701500516,0673476001
5701500516,0675052510
5701500516,0671641800
5701500516,0671733901
5701500516,0677791901
01635186,0677861401
01635186,0676670106
01635186,0675580006
01635186,0675295801
01635186,0677665301
01635186,0666293701
01635186,0665232501
01635186,0666294501
01623394,0651656106
01623394,0651495806
01623394,0628364806
01635112,0676026710
01635112,0674786110
00852836,0657320101
00852836,0652810100
00852836,0667070106
00852836,0666294591
00852836,0666430091
00852836,0667071908
00852836,0674174191
00852836,0675052508
00852836,0670436101
00852836,0671466101
00852836,0661974691
00852836,0646121091
00852836,0671401491
01503900,0654906106
01552408,0649862710
01552408,0655551402
01552408,0657086103
01552408,0656096712
01552408,0660356812
01552408,0645356812
01552408,0649864512
01552408,0651721806
01552408,0669403602
01552408,0657570614
01566852,0668515500
01566852,0653448600
01566852,0654720200
01566852,0642888600
01566852,0653230200
01520121,0652952703
01520121,0655063114
01520121,0671331814
01520121,0661603414
01520121,0627912014
01520121,0647905203
01520121,0626251914
01520121,0658650003
01520121,0673913703
01520121,0664306703
01552720,0660846806
01552720,0652581936
01552720,0650525806
01552720,0677071901
01552720,0669650201
01552720,0632690106
01552720,0618812306
01552720,0658590236
01552720,0664505806
01552720,0651037100
01552720,0667060001
01552720,0667115806
01552720,0655902701
01552720,0658382806
01552720,0658859936
01552720,0676970106
01552720,0666940001
01552720,0653522306
01552720,0647211906
01552720,0674870001
5850112807,0667793206
5850112807,0661000100
5850112807,0661755500
5850112807,0661922601
5850112807,0665472106
5850112807,0663561106
5850112807,0620472306
5850112807,0663430006
5850112807,0664813001
5850112807,0654846806
5850112807,0661710000
5850112807,0667540236
5850112807,0664050502
5850112807,0651656106
5850112807,0671340306
5850112807,0662310100
5850112807,0673380001
5850112807,0665141801
5850112807,0668156100
5850112807,0622262506
5850112807,0670522306
5850112807,0651104801
5850112807,0661630301
5850112807,0652132501
5850112807,0652130301
5850112807,0662045901
5850112807,0648360106
5850112807,0659966106
5850112807,0636035801
5850112807,0643811501
5850112807,0672750501
5850112807,0661902306
5850112807,0656406101
5850112807,0675052506
5850112807,0644520106
5850112807,0653594806
5850112807,0666870006
5850112807,0660454506
5850112807,0632690106
5850112807,0663490006
5850112807,0661160106
5850112807,0660580306
5850112807,0672440006
5850112807,0673086101
5850112807,0653475500
5850112807,0670276101
5850112807,0670072506
5850112807,0670060006
5850112807,0671470506
5850112807,0668030100
5850112807,0671220101
5850112807,0672320100
5850112807,0674599906
5850112807,0676035806
5850112807,0672500001
5850112807,0673450006
5850112807,0666365101
5850112807,0673476001
5850112807,0663310001
5850112807,0673271401
5850096251,0674599908
5850096251,0675450176
5850096251,0676076182
5850096251,0675050108
5850095778,0662916191
5850095778,0669497208
5850095778,0678103608
5850095778,0672826191
5850095778,0662820001
5850095778,0676970108
5850095778,0677037691
5850095778,0662916101
5850095778,0675946191
5850095778,0673503406
01441219,0622281401
01441219,0677616191
01441219,0674661901
01441219,0653593208
01441219,0619032708
01441219,0677045849
01441219,0668771906
01441219,0671233801
01441219,0654783010
01441219,0674920201
01441219,0675135101
01441219,0674636706
01441219,0657560001
01441219,0675052506
00885998,0671316091
5701523201,0670676112
5701523201,0676670114
5701523201,0674585814
5701523201,0670991914
5701523201,0675555802
5701523201,0672580012
